scientific_name,summary,primary_label,common_name,local_image_path,order,family,genus,conservation_status
Elminia longicauda,The African blue flycatcher or blue-crested flycatcher is a species of bird in the family Stenostiridae from western and central Sub-Saharan Africa.,afbfly1,African Blue Flycatcher,bird_images\afbfly1.jpg,Passeriformes,Stenostiridae,Elminia,Least Concern
Turdus tephronotus,"The bare-eyed thrush is a species of bird in the family Turdidae. It is found in Ethiopia, Kenya, Somalia, and Tanzania.",abethr1,African Bare-eyed Thrush,bird_images\abethr1.jpg,Passeriformes,Turdidae,Turdus,Least Concern
Turdus abyssinicus,"The Abyssinian thrush is a passerine bird in the family Turdidae. It is also known as the African mountain thrush, or northern olive thrush The species was formerly treated as conspecific with the olive thrush but the species were split based on the genetic differences. The ranges do not overlap. The Abyssinian thrush is native to the eastern Afromontane.",abythr1,Abyssinian Thrush,bird_images\abythr1.jpg,Passeriformes,Turdidae,Turdus,Least Concern
Oriolus larvatus,"The black-headed oriole is a species of bird in the family Oriolidae. It is found in Africa and has a very striking appearance with a bright yellow body, contrasting black head and flesh-coloured beak.",abhori1,African Black-headed Oriole,bird_images\abhori1.jpg,Passeriformes,Oriolidae,Oriolus,Least Concern
Muscicapa adusta,"The African dusky flycatcher, also known as the dusky-brown flycatcher or dusky alseonax, is a small passerine bird of the Old World flycatcher family, Muscicapidae. It is a resident breeder in elevated areas of Sub-Saharan Africa. It is very common in its woodland habitat, which includes riverine forests, evergreen forest edges and clearings, especially near water bodies such as lakes, dams and streams, and well-wooded suburban gardens.",afdfly1,African Dusky Flycatcher,bird_images\afdfly1.jpg,Passeriformes,Muscicapidae,Muscicapa,Least Concern
Chrysococcyx cupreus,The African emerald cuckoo is a species of cuckoo that is native to Africa.,afecuc1,African Emerald Cuckoo,bird_images\afecuc1.jpg,Cuculiformes,Cuculidae,Chrysococcyx,Least Concern
Haliaeetus vocifer,"The African fish eagle or the African sea eagle is a large species of eagle found throughout sub-Saharan Africa wherever large bodies of open water with an abundant food supply occur. It is the national bird of Malawi, Namibia, Zambia, and Zimbabwe. As a result of its large range, it is known in many languages. Examples of names include: visarend in Afrikaans, nkwazi in Chewa, aigle pêcheur in French, idì in Yoruba, hungwe in Shona, inkwazi in isiZulu, and ntšhu in Northern Sotho. Though this species may superficially resemble the bald eagle in appearance they are not closely related and the two species occur on different continents, with the bald eagle being endemic to North America.",affeag1,African Fish-Eagle,bird_images\affeag1.jpg,Accipitriformes,Accipitridae,Icthyophaga,Least Concern
Bradornis microrhynchus,"The African grey flycatcher, grayish flycatcher, or large flycatcher is a passerine bird in the Old World flycatcher family Muscicapidae that occurs in parts of East Africa.",afgfly1,African Gray Flycatcher,bird_images\afgfly1.jpg,Passeriformes,Muscicapidae,Bradornis,Least Concern
Streptopelia decipiens,"The mourning collared dove or African mourning dove is a dove which is a widespread resident breeding bird in Africa south of the Sahara. Despite its name, it is not closely related to the North American mourning dove. This species is common or abundant near water. They often mingle peacefully with other doves.",afmdov1,Mourning Collared-Dove,bird_images\afmdov1.jpg,Columbiformes,Columbidae,Streptopelia,Least Concern
Lophoceros nasutus,"The African grey hornbill is a member of the hornbill family of mainly tropical near-passerine birds found in the Old World. It is a widespread resident breeder in much of sub-Saharan Africa and the southwest of the Arabian Peninsula. The African grey hornbill has escaped or been deliberately released into Florida, USA, but there is no evidence that the population is breeding and may only persist due to continuing releases or escapes.",afghor1,African Gray Hornbill,bird_images\afghor1.jpg,Bucerotiformes,Bucerotidae,Lophoceros,Least Concern
Terpsiphone viridis,"The African paradise flycatcher is a medium-sized passerine bird. The two central tail feathers of the male are extended into streamers that commonly are more than twice as long as the body. The female tail feathers are of moderate length and without streamers. The upper parts of the male body, wings, and tail are boldly coloured in chestnut or rusty shades, but the underparts and the head are variably grey to blue-gray, with the head of the mature male being darker, commonly glossy black with greenish highlights. The beak and other bare areas, including a wattle ring round the eye, match the colour of the surrounding feathers. The female coloration is similar, though not so showy and glossy and with the head paler.",afpfly1,African Paradise-Flycatcher,bird_images\afpfly1.jpg,Passeriformes,Monarchidae,Terpsiphone,Least Concern
Accipiter tachiro,The African goshawk is an African species of bird of prey in the genus Aerospiza. It was formerly placed in the genus Accipiter. The African goshawk was previously sometimes split with the red-chested goshawk of west Africa treated as a separate species.,afrgos1,African Goshawk,bird_images\afrgos1.jpg,Accipitriformes,Accipitridae,Aerospiza,Least Concern
Motacilla aguimp,"The African pied wagtail, or African wagtail, is a species of bird in the family Motacillidae.",afpwag1,African Pied Wagtail,bird_images\afpwag1.jpg,Passeriformes,Motacillidae,Motacilla,Least Concern
Treron calvus,"The African green pigeon is a species of bird in the family Columbidae, and one of 5 green pigeon species in the Afrotropics. The species has a wide range in Sub-Saharan Africa with around 17 accepted races.",afrgrp1,African Green-Pigeon,bird_images\afrgrp1.jpg,Columbiformes,Columbidae,Treron,Least Concern
Actophilornis africanus,"The African jacana is a wader in the family Jacanidae. It has long toes and long claws that enable it to walk on floating vegetation in shallow lakes, its preferred habitat. It is widely distributed in sub-Saharan Africa. For the origin and pronunciation of the name, see Jacanidae.",afrjac1,African Jacana,bird_images\afrjac1.jpg,Charadriiformes,Jacanidae,Actophilornis,Least Concern
Turdus pelios,"The African thrush or West African thrush is a passerine bird in the thrush family Turdidae. It is common in well-wooded areas over much of the western part of sub-Saharan Africa, it was once considered to be conspecific with the olive thrush but that species has now been split further. Populations are resident (non-migratory).",afrthr1,African Thrush,bird_images\afrthr1.jpg,Passeriformes,Turdidae,Turdus,Least Concern
Chalcomitra amethystina,"The amethyst sunbird, also called the black sunbird, is a species of passerine bird in the family Nectariniidae. It is native to the Afrotropics, mostly south of the equator. They are commonly found in well-watered habitats, and undertake seasonal movements to visit flowering woodlands. The demise of some woodlands have impacted their numbers locally, but their range has also expanded along with the spread of wooded gardens.",amesun2,Amethyst Sunbird,bird_images\amesun2.jpg,Passeriformes,Nectariniidae,Chalcomitra,Least Concern
Hirundo rustica,"The barn swallow is the most widespread species of swallow in the world, occurring on all continents, with vagrants reported even in Antarctica. It is a distinctive passerine bird with blue upperparts and a long, deeply forked tail. In Anglophone Europe, it is just called the swallow; in northern Europe, it is the only member of family Hirundinidae called a ""swallow"" rather than a ""martin"".",barswa,Barn Swallow,bird_images\barswa.jpg,Passeriformes,Hirundinidae,Hirundo,Least Concern
Ploceus baglafecht,The baglafecht weaver is a species of weaver bird from the family Ploceidae which is found in eastern and central Africa. There are several disjunct populations with distinguishable plumage patterns. Only some races display a discrete non-breeding plumage.,bagwea1,Baglafecht Weaver,bird_images\bagwea1.jpg,Passeriformes,Ploceidae,Ploceus,Least Concern
Bycanistes subcylindricus,"The black-and-white-casqued hornbill, also known as the grey-cheeked hornbill, is a large black and white hornbill. It has an oversized blackish bill with a large casque on top. The female is slightly smaller than the male and has a significantly smaller casque.
It is a monogamous species, and pairs nest in suitable tree cavities. The female usually lays up to two eggs. The diet consists mainly of figs, fruits, insects and small animals found in the trees.",bawhor2,Black-and-white-casqued Hornbill,bird_images\bawhor2.jpg,Bucerotiformes,Bucerotidae,Bycanistes,Least Concern
Merops persicus,"The blue-cheeked bee-eater is a species of bee-eater that breeds in Northern Africa and the Middle East from eastern Turkey to Kazakhstan and India. It is generally strongly migratory, wintering in tropical Africa, although some populations are resident year-round in the Sahel. This species occurs as a rare vagrant north of its breeding range, with most vagrants occurring in Italy and Greece.",bcbeat1,Blue-cheeked Bee-eater,bird_images\bcbeat1.jpg,Coraciiformes,Meropidae,Merops,Least Concern
Spermestes bicolor,"The black-and-white mannikin also black-and-white munia or red-backed mannikin, is a species of estrildid finch, widely present throughout sub-Saharan Africa. It has an estimated global extent of occurrence of 4,200,000 km2 (1,600,000 sq mi).
It is found in moist savanna and subtropical or tropical moist lowland forest habitat. The status of the species is evaluated as least concern. They are seedeaters, but are known to feed on algae.",bawman1,Black-and-white Mannikin,bird_images\bawman1.jpg,Passeriformes,Estrildidae,Spermestes,Least Concern
Tchagra senegalus,"The black-crowned tchagra is a bushshrike. This family of passerine birds is closely related to the true shrikes in the family Laniidae, and was once included in that group.",bkctch1,Black-crowned Tchagra,bird_images\bkctch1.jpg,Passeriformes,Malaconotidae,Tchagra,Least Concern
Bathmocercus rufus,"The black-faced rufous warbler is a species of bird in the family Cisticolidae.
It is found in Cameroon, Central African Republic, Republic of the Congo, Democratic Republic of the Congo, Equatorial Guinea, Gabon, Kenya, Rwanda, South Sudan, Tanzania, and Uganda.
Its natural habitats are subtropical or tropical moist lowland forest and subtropical or tropical moist montane forest.",bkfruw1,Black-faced Rufous-Warbler,bird_images\bkfruw1.jpg,Passeriformes,Cisticolidae,Bathmocercus,Least Concern
Cinnyris pulchellus,"The beautiful sunbird, formerly placed in the genus Nectarinia, is a small passerine bird in the sunbird family Nectariniidae. It is native to tropical Africa, its range extending from Senegal and Guinea in the west to Sudan, South Sudan, Ethiopia, Tanzania and Kenya in the east. It was formerly considered to be conspecific with the gorgeous sunbird.",beasun2,Beautiful Sunbird,bird_images\beasun2.jpg,Passeriformes,Nectariniidae,Cinnyris,Least Concern
Cuculus clamosus,The black cuckoo is a species of cuckoo in the family Cuculidae. The species is distributed widely across sub-Saharan Africa. There are two subspecies. This cuckoo has a very wide range and is quite common so it is classified as a least-concern species by the International Union for Conservation of Nature.,blacuc1,Black Cuckoo,bird_images\blacuc1.jpg,Cuculiformes,Cuculidae,Cuculus,Least Concern
Zapornia flavirostra,"The black crake is a waterbird in the rail and crake family, Rallidae. It breeds in most of sub-Saharan Africa except in very arid areas. It undertakes some seasonal movements in those parts of its range which are subject to drought. No subspecies have been described. It appears that the oldest available name for this species is actually Rallus niger J. F. Gmelin, 1788, but Swainson believed that the earlier name was unidentifiable, and his own has since become well embedded in the literature.",blacra1,Black Crake,bird_images\blacra1.jpg,Gruiformes,Rallidae,Zapornia,Least Concern
Milvus migrans,"The black kite or fire kite is a medium-sized bird of prey in the family Accipitridae, which also includes many other diurnal raptors. It is thought to be the world's most abundant species of Accipitridae, although some populations have experienced dramatic declines or fluctuations. Current global population estimates run up to 6.7 million individuals.",blakit1,Black Kite,bird_images\blakit1.jpg,Accipitriformes,Accipitridae,Milvus,Least Concern
Vanellus armatus,"The blacksmith lapwing or blacksmith plover is a lapwing species that occurs commonly from Kenya through central Tanzania to southern and southwestern Africa. The vernacular name derives from the repeated metallic 'tink, tink, tink' alarm call, which suggests a blacksmith's hammer striking an anvil.",blaplo1,Blacksmith Lapwing,bird_images\blaplo1.jpg,Charadriiformes,Charadriidae,Vanellus,Least Concern
Dryoscopus cubla,"The black-backed puffback is a species of passerine bird in the family Malaconotidae. They are common to fairly common sedentary bushshrikes in various wooded habitats in Africa south of the equator. They restlessly move about singly, in pairs or family groups, and generally frequent tree canopies. Like others of its genus, the males puff out the loose rump and lower back feathers in display, to assume a remarkable ball-like appearance. They draw attention to themselves by their varied repertoire of whistling, clicking and rasping sounds. Their specific name cubla, originated with Francois Levaillant, who derived it from a native southern African name, where the ""c"" is an onomatopoeic click sound. None of the other five puffback species occur in southern Africa.",blbpuf2,Black-backed Puffback,bird_images\blbpuf2.jpg,Passeriformes,Malaconotidae,Dryoscopus,Least Concern
Oreolais pulcher,"The black-collared apalis is a species of bird in the family Cisticolidae. It is found in the Cameroonian Highlands forests, western Kenya and the Albertine rift montane forests.",blcapa2,Black-collared Apalis,bird_images\blcapa2.jpeg,Passeriformes,Cisticolidae,Oreolais,Least Concern
Ardea melanocephala,"The black-headed heron is a wading bird of the heron family Ardeidae, common throughout much of sub-Saharan Africa and Madagascar. It is mainly resident, but some west African birds move further north in the rainy season.",blhher1,Black-headed Heron,bird_images\blhher1.jpg,Pelecaniformes,Ardeidae,Ardea,Least Concern
Psalidoprocne pristoptera,"The black saw-wing, also known as the blue saw-wing or black rough-winged swallow, is a small passerine bird in the swallow family.",blksaw1,Black Sawwing,bird_images\blksaw1.jpg,Passeriformes,Hirundinidae,Psalidoprocne,Least Concern
Telophorus nigrifrons,"The black-fronted bushshrike is a passerine bird of the bushshrike family, Malaconotidae. It inhabits forests mainly in East Africa. It forms a superspecies with the many-colored bushshrike and the two are sometimes considered to be a single species.",blfbus1,Black-fronted Bushshrike,bird_images\blfbus1.jpg,Passeriformes,Malaconotidae,Chlorophoneus,Least Concern
Urocolius macrourus,"The blue-naped mousebird, also formerly called the blue-naped coly is a species of bird belonging to the family Coliidae within the order Coliiformes. They are the sister group to the clade Eucavitaves, which contains the families Leptosomiformes, Trogoniformes (trogons), Bucerotiformes, Piciformes and Coraciformes.",blnmou1,Blue-naped Mousebird,bird_images\blnmou1.jpg,Coliiformes,Coliidae,Urocolius,Least Concern
Ploceus nigricollis,The black-necked weaver is a resident breeding bird species in much of central Africa from Cameroon in the west to Kenya and southern Somalia in the east.,blnwea1,Black-necked Weaver,bird_images\blnwea1.jpeg,Passeriformes,Ploceidae,Ploceus,Least Concern
Apalis jacksoni,"The black-throated apalis is a species of bird in the family Cisticolidae.
It is native to the Western High Plateau, the Albertine Rift montane forests and the east African montane forests and isolated lowland areas of Cameroon, the DRC and Angola.",bltapa1,Black-throated Apalis,bird_images\bltapa1.jpg,Passeriformes,Cisticolidae,Apalis,Least Concern
Tricholaema melanocephala,"The black-throated barbet is a species of bird in the Lybiidae family. It is found in Djibouti, Eritrea, Ethiopia, Kenya, Somalia, South Sudan, Tanzania, and Uganda. Its distribution has moved northward.",bltbar1,Black-throated Barbet,bird_images\bltbar1.jpg,Piciformes,Lybiidae,Tricholaema,Least Concern
Oriolus percivali,"The mountain oriole is a bird species in the family Oriolidae. It is native to the Albertine Rift montane forests, Uganda and Kenya. Its natural habitats are subtropical or tropical moist montane forests.",bltori1,Black-tailed Oriole,bird_images\bltori1.jpeg,Passeriformes,Oriolidae,Oriolus,Least Concern
Chamaetylas poliocephala,The brown-chested alethe is a species of bird in the Old World flycatcher family Muscicapidae. It has a discontinuous range of presence across the African tropical rainforest.,brcale1,Brown-chested Alethe,bird_images\brcale1.jpg,Passeriformes,Muscicapidae,Chamaetylas,Least Concern
Tchagra australis,The brown-crowned tchagra is a species of bird in the family Malaconotidae.,brctch1,Brown-crowned Tchagra,bird_images\brctch1.jpg,Passeriformes,Malaconotidae,Tchagra,Least Concern
Crithagra sulphurata,The brimstone canary or bully canary is a small passerine bird in the finch family. It is a resident breeder in central and southern Africa.,brican1,Brimstone Canary,bird_images\brican1.jpg,Passeriformes,Carduelinae,Crithagra,Least Concern
Turdoides plebejus,"The brown babbler is a species of bird in the family Leiothrichidae. It is predominantly found in West Africa, but ranging from the Gambia to Kenya. The species is common across its range. The species is also known as the Sudan babbler.",brobab1,Brown Babbler,bird_images\brobab1.jpg,Passeriformes,Leiothrichidae,Turdoides,Least Concern
Spermestes cucullata,"The bronze mannikin or bronze munia is a small passerine bird of the Afrotropics. This very social estrildid finch is an uncommon to locally abundant bird in much of Africa south of the Sahara Desert, where it is resident, nomadic or irruptive in mesic savanna or forest margin habitats. It has an estimated global extent of occurrence of 23,600,000 km2 (9,100,000 sq mi). It is the smallest and most widespread of four munia species on the African mainland, the other being black-and-white, red-backed and magpie mannikin. It co-occurs with the Madagascar mannikin on the Comoro Islands, and was introduced to Puerto Rico. Especially in the West Africa, it is considered a pest in grain and rice fields. It is locally trapped for the pet bird trade.",broman1,Bronze Mannikin,bird_images\broman1.jpg,Passeriformes,Estrildidae,Spermestes,Least Concern
Nectarinia kilimensis,The bronze sunbird is a species of bird in the family Nectariniidae. It is native to the Bié Plateau (Angola) and eastern Afromontane forests.,brosun1,Bronze Sunbird,bird_images\brosun1.jpg,Passeriformes,Nectariniidae,Nectarinia,Least Concern
Zosterops kikuyuensis,"The Kikuyu white-eye is a species of bird in the family Zosteropidae. It was formerly considered a subspecies of montane white-eye. It is found in central Kenya, in the Aberdare Mountains and on Mount Kenya. IUCN categorizes it as of least concern.",brrwhe3,Kikuyu White-eye,bird_images\brrwhe3.jpg,Passeriformes,Zosteropidae,Zosterops,Least Concern
Phylloscopus umbrovirens,The brown woodland warbler is a species of Old World warbler in the family Phylloscopidae.,brwwar1,Brown Woodland-Warbler,bird_images\brwwar1.jpg,Passeriformes,Phylloscopidae,Phylloscopus,Least Concern
Turtur afer,"The blue-spotted wood dove or blue-spotted dove is a species of bird in the family Columbidae.
It is abundantly present throughout Africa south of the Sahel; it is partially present in East Africa and absent in southern Africa.",bswdov1,Blue-spotted Wood-Dove,bird_images\bswdov1.jpg,Columbiformes,Columbidae,Turtur,Least Concern
Nilaus afer,The brubru is a species of bushshrike found in most of Sub-Saharan Africa. It is the only member of the genus Nilaus.,brubru1,Brubru,bird_images\brubru1.jpg,Passeriformes,Malaconotidae,Nilaus,Least Concern
Platysteira cyanea,"The brown-throated wattle-eye, also known as the common wattle-eye or scarlet-spectacled wattle-eye, is a small, insectivorous passerine bird. The wattle-eyes were previously classed as a subfamily of the Old World flycatcher family Muscicapidae, but are now usually separated from that group.",btweye2,Brown-throated Wattle-eye,bird_images\btweye2.jpg,Passeriformes,Platysteiridae,Platysteira,Least Concern
Phyllolais pulchella,"The buff-bellied warbler is a species of bird in the family Cisticolidae. It is monotypic within the genus Phyllolais. It is found in Cameroon, Central African Republic, Chad, Democratic Republic of the Congo, Eritrea, Ethiopia, Kenya, Nigeria, Rwanda, Sudan, Tanzania, and Uganda, where its natural habitats are subtropical or tropical dry forest, dry savanna, and subtropical or tropical dry shrubland.",bubwar2,Buff-bellied Warbler,bird_images\bubwar2.jpg,Passeriformes,Cisticolidae,Phyllolais,Least Concern
Apalis rufogularis,"The buff-throated apalis is a species of bird in the family Cisticolidae.
It is found in Angola, Benin, Burundi, Cameroon, Central African Republic, Republic of the Congo, Democratic Republic of the Congo, Equatorial Guinea, Gabon, Kenya, Nigeria, Rwanda, South Sudan, Tanzania, Uganda, and Zambia.",butapa1,Buff-throated Apalis,bird_images\butapa1.jpg,Passeriformes,Cisticolidae,Apalis,Least Concern
Cossypha caffra,The Cape robin-chat is a small passerine bird of the Old World flycatcher family Muscicapidae. It has a disjunct range from South Sudan to South Africa.,carcha1,Cape Robin-Chat,bird_images\carcha1.jpg,Passeriformes,Muscicapidae,Dessonornis,Least Concern
Bubulcus ibis,"The western cattle egret is a species of heron found in the tropics, subtropics and warm temperate zones. Formerly, most taxonomic authorities lumped this species and the eastern cattle egret together, but the two cattle egrets are now treated as separate species. Despite the similarities in plumage to the egrets of the genus Egretta, it is more closely related to the herons of Ardea. Originally native to parts of Africa, southwest Asia and southern Europe, it has undergone a rapid expansion in its distribution and successfully colonised much of the New World in the last century.",categr,Cattle Egret,bird_images\categr.jpg,Pelecaniformes,Ardeidae,Ardea,Unknown
Chloropicus fuscescens,"The cardinal woodpecker is a widespread and common resident breeder in much of sub-Saharan Africa. It occurs in a wide range of habitats, ranging from dense forest to thorn bush. It is fairly vocal and is easily identified by its call notes. The sexes are distinguishable by their head patterns.",carwoo1,Cardinal Woodpecker,bird_images\carwoo1.jpg,Piciformes,Picidae,Dendropicos,Least Concern
Ploceus rubiginosus,"The chestnut weaver is a species of bird in the family Ploceidae.
It is found in eastern and south-western Africa. They can typically be found in Kenya, Botswana, Ethiopia, Somalia, Uganda, Tanzania, Angola, and Namibia. Chestnut Weavers are considered locally abundant and of least concern. It is a nomadic as well as residential species that moves in response to rainfall and food availability.",chewea1,Chestnut Weaver,bird_images\chewea1.jpg,Passeriformes,Ploceidae,Ploceus,Least Concern
Merops oreobates,"The cinnamon-chested bee-eater is a species of bird in the family Meropidae. It is mainly native to the Albertine Rift montane forests and the East African montane forests of East Africa, in the regions surrounding Lake Victoria.",ccbeat1,Cinnamon-chested Bee-eater,bird_images\ccbeat1.jpg,Coraciiformes,Meropidae,Merops,Least Concern
Batis molitor,The chinspot batis is a small songbird of the genus Batis in the family Platysteiridae which is a common and widespread species in the woodlands of southern Africa from the Eastern Cape north to 3°N in southern Kenya and Gabon. It forms a superspecies with other rather similar members of the genus Batis.,chibat1,Chinspot Batis,bird_images\chibat1.jpg,Passeriformes,Platysteiridae,Batis,Least Concern
Apalis porphyrolaema,"The chestnut-throated apalis is a species of bird in the cisticola family Cisticolidae. The Kabobo apalis, originally described as a distinct species, is usually treated as a subspecies A. p. kaboboensis of the chestnut-throated apalis today. It is itself sometimes considered to be the same species as the Chapin's apalis.",chtapa3,Chestnut-throated Apalis,bird_images\chtapa3.jpg,Passeriformes,Cisticolidae,Apalis,Least Concern
Cisticola chubbi,"Chubb's cisticola is a species of bird in the family Cisticolidae.
It is native to the Western High Plateau, the Albertine Rift montane forests and the East African montane forests.",chucis1,Chubb's Cisticola,bird_images\chucis1.jpg,Passeriformes,Cisticolidae,Cisticola,Least Concern
Bradypterus cinnamomeus,"The cinnamon bracken warbler is a species of Old World warbler in the family Locustellidae.
It is native to mountainous regions of East Africa.
Its natural habitats are subtropical or tropical moist montane forests and subtropical or tropical moist shrubland.",cibwar1,Cinnamon Bracken-Warbler,bird_images\cibwar1.jpg,Passeriformes,Locustellidae,Bradypterus,Least Concern
Delichon urbicum,"The western house martin, sometimes called the common house martin, northern house martin or, particularly in Europe, just house martin, is a migratory passerine bird of the swallow family which breeds in Europe, north Africa and west-central Asia; and winters in sub-Saharan Africa and southwestern Asia. It feeds on insects which are caught in flight, and it migrates to climates where flying insects are plentiful. It has a blue head and upperparts, white rump and pure white underparts, and is found in both open country and near human habitation. It is similar in appearance to the two other martin species of the genus Delichon, which are both endemic to eastern and southern Asia. It has two accepted subspecies.",cohmar1,Common House-Martin,bird_images\cohmar1.jpg,Passeriformes,Hirundinidae,Delichon,Least Concern
Pycnonotus barbatus,"The common bulbul is a member of the bulbul family of passerine birds. It is widespread throughout most of Africa except for the very arid areas, and has recently begun breeding in southernmost Spain. Ten subspecies are recognised based on the geographical variation in plumage. Some of these were formerly considered as separate species: Dodson's bulbul, the Somali bulbul and the dark-capped bulbul.",combul2,Common Bulbul,bird_images\combul2.jpg,Passeriformes,Pycnonotidae,Pycnonotus,Least Concern
Hedydipna collaris,"The collared sunbird is a bird species of the family Nectariniidae. The sunbirds are a group of very small Old World passerine birds which feed largely on nectar, although they will also take insects, especially when feeding young. The collared sunbird is in fact mainly insectivorous.",colsun2,Collared Sunbird,bird_images\colsun2.jpg,Passeriformes,Nectariniidae,Hedydipna,Least Concern
Buteo buteo,"The common buzzard is a medium-to-large bird of prey which has a large range. It is a member of the genus Buteo in the family Accipitridae. The species lives in most of Europe and extends its breeding range across much of the Palearctic as far as northwestern China, far western Siberia and northwestern Mongolia. Over much of its range, it is a year-round resident. However, buzzards from the colder parts of the Northern Hemisphere as well as those that breed in the eastern part of their range typically migrate south for the northern winter, many journeying as far as South Africa.",combuz1,Common Buzzard,bird_images\combuz1.jpg,Accipitriformes,Accipitridae,Buteo,Least Concern
Actitis hypoleucos,"The common sandpiper is a small Palearctic wader. This bird and its American sister species, the spotted sandpiper, make up the genus Actitis. They are parapatric and replace each other geographically; stray birds of either species may settle down with breeders of the other and hybridize. Hybridization has also been reported between the common sandpiper and the green sandpiper, a member of the closely related genus Tringa.",comsan,Common Sandpiper,bird_images\comsan.jpg,Charadriiformes,Scolopacidae,Actitis,Least Concern
Stephanoaetus coronatus,"The crowned eagle, also known as the African crowned eagle or the crowned hawk-eagle, is a large bird of prey found in sub-Saharan Africa; in Southern Africa, it is restricted to more easterly areas. Its preferred habitats are principally riparian woodlands and various forests. The crowned eagle is the only extant member of the genus Stephanoaetus. A second species, the Malagasy crowned eagle, went extinct after early humans settled on Madagascar.",crheag1,Crowned Eagle,bird_images\crheag1.jpg,Accipitriformes,Accipitridae,Stephanoaetus,Near Threatened
Trachyphonus darnaudii,D'Arnaud's barbet is a species of bird in the family Lybiidae that is found in East African. Barbets and toucans are a group of birds with a worldwide tropical distribution. The barbets get their name from the bristles which fringe their heavy bills.,darbar1,D'Arnaud's Barbet,bird_images\darbar1.jpg,Piciformes,Lybiidae,Trachyphonus,Least Concern
Lophoceros alboterminatus,The crowned hornbill is an African hornbill.,crohor1,Crowned Hornbill,bird_images\crohor1.jpg,Bucerotiformes,Bucerotidae,Lophoceros,Least Concern
Chrysococcyx caprius,"The diederik cuckoo, formerly dideric cuckoo or didric cuckoo is a member of the cuckoo family of birds, Cuculidae, which also includes the roadrunners and the anis.",didcuc1,Dideric Cuckoo,bird_images\didcuc1.jpg,Cuculiformes,Cuculidae,Chrysococcyx,Least Concern
Arizelocichla nigriceps,"The black-headed mountain greenbul, also known as the mountain greenbul or eastern mountain greenbul, is a species of the bulbul family of passerine birds. It is native to the eastern Afromontane. Its diet consists of fruit and nectar.",easmog1,Eastern Mountain Greenbul,bird_images\easmog1.jpg,Passeriformes,Pycnonotidae,Arizelocichla,Least Concern
Motacilla flava,"The western yellow wagtail is a small passerine bird in the wagtail family Motacillidae, which also includes the pipits and longclaws. This species breeds in much of temperate Europe and Asia. Most populations are migratory, moving south to tropical Africa and southern Asia for the winter; the small population breeding in Egypt is however resident there.",eaywag1,Western Yellow Wagtail,bird_images\eaywag1.jpg,Passeriformes,Motacillidae,Motacilla,Least Concern
Alopochen aegyptiaca,"The Egyptian goose is an African member of the Anatidae family including ducks, geese, and swans. Because of their popularity chiefly as an ornamental bird, the species has also been introduced to Europe, the United States and elsewhere outside their natural range. Egyptian geese were regularly represented in ancient Egyptian art.",egygoo,Egyptian Goose,bird_images\egygoo.jpg,Anseriformes,Anatidae,Alopochen,Least Concern
Merops apiaster,"The European bee-eater is a bird species in the bee-eater family, Meropidae. It breeds in southern and central Europe, northern and southern Africa, and western Asia. Except for the resident southern African population, the species is strongly migratory, wintering in tropical Africa. This species occurs as a spring overshoot north of its usual range, with occasional breeding in northern Europe.",eubeat1,European Bee-eater,bird_images\eubeat1.jpg,Coraciiformes,Meropidae,Merops,Least Concern
Cinnyris mediocris,The eastern double-collared sunbird is a species of bird in the family Nectariniidae. It is found in upland areas of Kenya and northern Tanzania.,edcsun3,Eastern Double-collared Sunbird,bird_images\edcsun3.jpg,Passeriformes,Nectariniidae,Cinnyris,Least Concern
Corvus rhipidurus,The fan-tailed raven is a passerine bird of the crow family native to Eastern Africa and the Arabian Peninsula.,fatrav1,Fan-tailed Raven,bird_images\fatrav1.jpg,Passeriformes,Corvidae,Corvus,Least Concern
Agapornis fischeri,Fischer's lovebird is a small parrot species of the genus Agapornis. They were originally discovered in the late 19th century. They are named after the 19th century German explorer of East Africa Gustav Fischer.,fislov1,Fischer's Lovebird,bird_images\fislov1.jpg,Psittaciformes,Psittaculidae,Agapornis,Near Threatened
Dicrurus adsimilis,"The fork-tailed drongo, also called the common drongo or African drongo, is a small bird found from the Sahel to South Africa that lives in wooded habitats, particularly woodlands and savannas. It is part of the family Dicruridae and has four recognized subspecies, D. a adsimilis, D. a. apivorus, D. a. fugax and D. a. jubaensis. Like other drongos, the fork-tailed is mostly insectivorous; its diet mainly consists of butterflies, termites, and grasshoppers.",fotdro5,Fork-tailed Drongo,bird_images\fotdro5.jpg,Passeriformes,Dicruridae,Dicrurus,Least Concern
Micronisus gabar,The gabar goshawk is a small species of African and Arabian bird of prey in the family Accipitridae.,gabgos2,Gabar Goshawk,bird_images\gabgos2.jpg,Accipitriformes,Accipitrinae,Micronisus,Least Concern
Spatula querquedula,"The garganey is a small dabbling duck. It breeds in much of Europe and across the Palearctic, but is strictly migratory, with the entire population moving to Africa, India, Bangladesh and Australasia during the winter of the Northern hemisphere, where large flocks can occur. This species was first described by Carl Linnaeus in his landmark 1758 10th edition of Systema Naturae. Like other small ducks such as the Eurasian teal, this species rises easily from the water with a fast twisting wader-like flight.",gargan,Garganey,bird_images\gargan.jpg,Anseriformes,Anatidae,Spatula,Least Concern
Lamprotornis chalybaeus,"The greater blue-eared starling or greater blue-eared glossy-starling is a bird that breeds from Senegal east to Ethiopia and south through eastern Africa to northeastern South Africa and Angola. It is a very common species of open woodland bird, and undertakes some seasonal migration.",gbesta1,Greater Blue-eared Starling,bird_images\gbesta1.jpg,Passeriformes,Sturnidae,Lamprotornis,Least Concern
Cyanomitra verticalis,"The green-headed sunbird is a species of bird in the family Nectariniidae.
It is found in Angola, Benin, Burkina Faso, Burundi, Cameroon, Central African Republic, Republic of the Congo, Democratic Republic of the Congo, Ivory Coast, Equatorial Guinea, Gabon, Gambia, Ghana, Guinea, Guinea-Bissau, Kenya, Liberia, Malawi, Mali, Nigeria, Rwanda, Senegal, Sierra Leone, South Sudan, Tanzania, Togo, Uganda, and Zambia.",gnhsun1,Green-headed Sunbird,bird_images\gnhsun1.jpg,Passeriformes,Nectariniidae,Cyanomitra,Least Concern
Camaroptera brevicaudata,The grey-backed camaroptera is a small bird in the family Cisticolidae. This bird is a resident breeder in Africa south of the Sahara Desert. Recent studies suggest this species and the green-backed camaroptera may be the same species.,gnbcam2,Gray-backed Camaroptera,bird_images\gnbcam2.jpg,Passeriformes,Cisticolidae,Camaroptera,Unknown
Ploceus jacksoni,"The Golden-Backed Weaver, also known as Jackson's weaver, is a species of bird in the family Ploceidae. This family of birds are called weavers, because they commonly weave their nests from grasses, stems, and other plant materials. Their nests are hung off of trees, or other tall places. More specifically, the Golden-backed Weavers nests are woven to look like tear-drops. These birds have bright coloring, but are often confused with other birds, and are found in various parts of Africa and Asia.",gobwea1,Golden-backed Weaver,bird_images\gobwea1.jpg,Passeriformes,Ploceidae,Ploceus,Least Concern
Emberiza flaviventris,"The golden-breasted bunting is a passerine bird in the bunting family Emberizidae. It occurs in dry open woodlands and moist savanna in Africa south of the Sahara, but is absent from the equatorial forest belt.",gobbun1,Golden-breasted Bunting,bird_images\gobbun1.jpg,Passeriformes,Emberizidae,Emberiza,Least Concern
Camaroptera brachyura,"The green-backed camaroptera, also known as the bleating camaroptera, is a small bird in the family Cisticolidae. This bird is a resident breeder in Africa south of the Sahara Desert. Recent studies suggest this species and the grey-backed camaroptera may be the same species.",grbcam1,Green-backed Camaroptera,bird_images\grbcam1.jpg,Passeriformes,Cisticolidae,Camaroptera,Least Concern
Phalacrocorax carbo,"The great cormorant, also known as just cormorant in Britain, as black shag or kawau in New Zealand, formerly also known as the great black cormorant across the Northern Hemisphere, the black cormorant in Australia, and the large cormorant in India, is a widespread member of the cormorant family of seabirds. It breeds in much of the Old World, Australasia, and the Atlantic coast of North America.",grecor,Great Cormorant,bird_images\grecor.jpg,Suliformes,Phalacrocoracidae,Phalacrocorax,Least Concern
Ardea alba,"The great egret, also known as the common egret, large egret, great white egret, or great white heron, is a large, widely distributed egret. The four subspecies are found in Asia, Africa, the Americas, and southern Europe. Recently, it has also been spreading to more northern areas of Europe. Distributed across most of the tropical and warmer temperate regions of the world, it builds tree nests in colonies close to water.",greegr,Great Egret,bird_images\greegr.png,Pelecaniformes,Ardeidae,Ardea,Least Concern
Phoeniculus purpureus,"The green wood hoopoe is a large, up to 44 cm (17 in) long tropical bird native to Africa. It is a member of the family Phoeniculidae, the wood hoopoes, and was formerly known as the red-billed wood hoopoe.",grewoo2,Green Woodhoopoe,bird_images\grewoo2.jpg,Bucerotiformes,Phoeniculidae,Phoeniculus,Least Concern
Pytilia melba,"The green-winged pytilia is a small colourful seed-eating bird in the family Estrildidae. It is widespread throughout Sub-Saharan Africa, though it is more rarely seen in central, far southern and coastal western parts of the continent.",grwpyt1,Green-winged Pytilia,bird_images\grwpyt1.jpg,Passeriformes,Estrildidae,Pytilia,Least Concern
Calamonastes simplex,"The grey wren-warbler is a species of bird in the family Cisticolidae.
It is found in Angola, Burundi, Democratic Republic of the Congo, Ethiopia, Kenya, Malawi, Rwanda, Somalia, South Sudan, Tanzania, Uganda, and Zambia.
Its natural habitat is dry savanna.",grywrw1,Gray Wren-Warbler,bird_images\grywrw1.jpg,Passeriformes,Cisticolidae,Calamonastes,Least Concern
Lanius excubitoroides,"The grey-backed fiscal is a species of bird in the family Laniidae.
It is found in Burundi, Cameroon, Central African Republic, Chad, Democratic Republic of the Congo, Ethiopia, Kenya, Mali, Mauritania, Nigeria, Rwanda, Sudan, Tanzania, and Uganda. Its natural habitats are dry savanna and subtropical or tropical dry lowland grassland.",gybfis1,Gray-backed Fiscal,bird_images\gybfis1.jpg,Passeriformes,Laniidae,Lanius,Least Concern
Malaconotus blanchoti,"The grey-headed bushshrike, colloquially known as the ghostbird, is a species of passerine bird in the family Malaconotidae. It is widespread throughout sub-Saharan Africa, although relatively absent in Central Africa and the interior of southern Africa. It is the most widespread species of its genus, which consists of large bushshrikes with massive bills and mournful hooting calls. It occurs sparsely in a range of wooded habitats, though typically in denser vegetation within dry or moist savannah. The monogamous pairs occupy woodland with sufficient cover. They are sedentary, but will undertake limited post-breeding movements.",gyhbus1,Gray-headed Bushshrike,bird_images\gyhbus1.jpg,Passeriformes,Malaconotidae,Malaconotus,Least Concern
Eminia lepida,"The grey-capped warbler is a species of bird in the family Cisticolidae. It is monotypic in the genus Eminia. The grey-capped warbler is found in Burundi, Democratic Republic of the Congo, Kenya, Rwanda, South Sudan, Tanzania, and Uganda. It is a large, chunky, thin-tailed-warbler with a distinctive grey cap, a black band around its head, and a chestnut throat wrapping its neck. Grey-capped warblers maintain a diet of insects and other invertebrates, including caterpillars, moths, grasshoppers, and mantids.",gycwar3,Gray-capped Warbler,bird_images\gycwar3.jpg,Passeriformes,Cisticolidae,Eminia,Least Concern
Halcyon leucocephala,"The grey-headed kingfisher is a species of bird in the kingfisher family, Alcedinidae. It is found across large parts of Africa and southern Arabia, from Mauritania through Senegal and the Gambia, east to Ethiopia, Somalia, Yemen, Oman and Saudi Arabia, and south all the way through to South Africa. It is also found in islands off the African coast such as the Cape Verde islands and Zanzibar.",gyhkin1,Gray-headed Kingfisher,bird_images\gyhkin1.jpg,Coraciiformes,Halcyoninae,Halcyon,Least Concern
Nigrita canicapillus,"The grey-headed nigrita is a common species of estrildid finch found in Africa. It has an estimated global extent of occurrence of 3,700,000 km2.",gyhneg1,Gray-headed Nigrita,bird_images\gyhneg1.jpg,Passeriformes,Estrildidae,Nigrita,Least Concern
Passer griseus,"The northern grey-headed sparrow, also known as the grey-headed sparrow, is a species of bird in the sparrow family Passeridae, which is resident in much of tropical Africa. It occurs in a wide range of open habitats, including open woodlands and human habitation, often occupying the same niche as the house sparrow does in Eurasia.",gyhspa1,Northern Gray-headed Sparrow,bird_images\gyhspa1.jpg,Passeriformes,Passeridae,Passer,Least Concern
Gymnobucco bonapartei,"The grey-throated barbet is a species of bird in the Lybiidae family .
It is found in Angola, Cameroon, Central African Republic, Republic of the Congo, Democratic Republic of the Congo, Equatorial Guinea, Gabon, Kenya, Rwanda, South Sudan, Tanzania, and Uganda.",gytbar1,Gray-throated Barbet,bird_images\gytbar1.jpg,Piciformes,Lybiidae,Gymnobucco,Least Concern
Bostrychia hagedash,"The hadada ibis or hadeda is an ibis native to Sub-Saharan Africa. It is named for its loud three to four note calls uttered in flight especially in the mornings and evenings when they fly out or return to their roost trees. Although not as dependent on water as some ibises, they are found near wetlands and often live in close proximity to humans, foraging in cultivated land and gardens. A medium-sized ibis with stout legs and a typical down-curved bill, the wing coverts are iridescent with a green or purple sheen. They are non-migratory but are known to make nomadic movements in response to rain particularly during droughts. Their ranges in southern Africa have increased with an increase in tree cover and irrigation in human-altered habitats.",hadibi1,Hadada Ibis,bird_images\hadibi1.jpg,Pelecaniformes,Threskiornithidae,Bostrychia,Least Concern
Scopus umbretta,"The hamerkop, also called the umbrette, is a medium-sized bird. It is the only living species in the genus Scopus and the family Scopidae. The species and family was long thought to sit with the Ciconiiformes but is now placed with the Pelecaniformes, and its closest relatives are thought to be the pelicans and the shoebill. The shape of its head with a long bill and crest at the back is reminiscent of a hammer, which has given this species its name after the Afrikaans word for hammerhead. It is a medium-sized waterbird with brown plumage. It is found in mainland Africa, Madagascar and Arabia, living in a wide variety of wetlands, including estuaries, lakesides, fish ponds, riverbanks, and rocky coasts. The hamerkop is a sedentary bird that often shows local movements.",hamerk1,Hamerkop,bird_images\hamerk1.jpg,Pelecaniformes,Scopidae,Scopus,Least Concern
Tauraco hartlaubi,"Hartlaub's turaco is a species of bird in the family Musophagidae. It is found in Kenya, Tanzania, and Uganda.",hartur1,Hartlaub's Turaco,bird_images\hartur1.jpg,Musophagiformes,Musophagidae,Tauraco,Least Concern
Upupa epops,"The Eurasian hoopoe or common hoopoe is the most widespread species of the genus Upupa. It is a distinctive cinnamon coloured bird with black and white wings, a tall erectile crest, a broad white band across a black tail, and a long narrow downcurved bill. Its call is a soft ""oop-oop-oop"".",hoopoe,Eurasian Hoopoe,bird_images\hoopoe.jpg,Bucerotiformes,Upupidae,Upupa,Least Concern
Numida meleagris,"The helmeted guinea fowl is the best known of the guinea fowl bird family, Numididae, and the only member of the genus Numida. It is native to Africa, mainly south of the Sahara, and has been widely introduced, as a domesticated species, into the West Indies, North America, Colombia, Brazil, Australia and Europe.",helgui,Helmeted Guineafowl,bird_images\helgui.jpg,Galliformes,Numididae,Numida,Least Concern
Cisticola hunteri,"Hunter's cisticola is a species of bird in the family Cisticolidae.
It is found in Kenya, Tanzania, and Uganda.
Its natural habitats are tropical moist montane and high-elevation shrubland. It is a dueting species.",huncis1,Hunter's Cisticola,bird_images\huncis1.jpg,Passeriformes,Cisticolidae,Cisticola,Least Concern
Chalcomitra hunteri,"Hunter's sunbird is a species of bird in the family Nectariniidae. It is found in Ethiopia, Kenya, Somalia, South Sudan, Tanzania, and Uganda.",hunsun2,Hunter's Sunbird,bird_images\hunsun2.jpg,Passeriformes,Nectariniidae,Chalcomitra,Least Concern
Chlorocichla laetissima,"The joyful greenbul or joyful bulbul, is a species of songbird in the bulbul family, Pycnonotidae. It is found in east-central Africa. Its natural habitats are boreal forests and subtropical or tropical moist montane forests.",joygre1,Joyful Greenbul,bird_images\joygre1.jpg,Passeriformes,Pycnonotidae,Chlorocichla,Least Concern
Anthreptes orientalis,"The eastern violet-backed sunbird, also known as the Kenya violet-backed sunbird, is a species of bird in the family Nectariniidae.
It is found in arid savanna of East Africa, ranging from Djibouti in north to Tanzania in south. It is part of the violet-backed sunbird superspecies.",kvbsun1,Eastern Violet-backed Sunbird,bird_images\kvbsun1.jpg,Passeriformes,Nectariniidae,Anthreptes,Least Concern
Chrysococcyx klaas,"Klaas's cuckoo is a species of cuckoo in the family Cuculidae which is native to the wooded regions of sub-Saharan Africa. The specific name honours Klaas, the Khoikhoi man who collected the type specimen.",klacuc1,Klaas's Cuckoo,bird_images\klacuc1.jpg,Cuculiformes,Cuculidae,Chrysococcyx,Least Concern
Passer rufocinctus,"The Kenya sparrow, also known as the Kenya rufous sparrow, is a sparrow found in Kenya and Tanzania. It tends to be found in dry wooded savannah and agricultural areas. Some authorities have lumped the great sparrow (P. motitensis), the Kenya sparrow, and the Socotra sparrow (P. insularis) into P. motitensis following Dowsett and Forbes-Watson (1993). Some authorities also lump Shelley's sparrow and the Kordofan sparrow with this species, or all three with the great sparrow.",kerspa2,Kenya Rufous Sparrow,bird_images\kerspa2.jpg,Passeriformes,Passeridae,Passer,Least Concern
Streptopelia senegalensis,"The laughing dove is a small pigeon that is a resident breeder in Africa, the Middle East, South Asia, and Western Australia where it has established itself in the wild after being released from Perth Zoo in 1898. This small long-tailed dove is found in dry scrub and semi-desert habitats where pairs can often be seen feeding on the ground. It is closely related to the spotted dove which is distinguished by a white and black chequered necklace. Other names include laughing turtle dove, palm dove and Senegal dove while in Asia the name little brown dove is often used.",laudov1,Laughing Dove,bird_images\laudov1.jpg,Columbiformes,Columbidae,Spilopelia,Least Concern
Spinus lawrencei,Lawrence's goldfinch is a small songbird of erratic distribution that breeds in California and Baja California and winters in the southwestern United States and northern Mexico.,lawgol,Lawrence's Goldfinch,bird_images\lawgol.jpg,Passeriformes,Carduelinae,Spinus,Least Concern
Ploceus intermedius,"The lesser masked weaver is a species of bird in the family Ploceidae. It builds its nests in large colonies, often alongside the village weaver and sometimes the red-billed buffalo weaver. This species is commonly parasitised by the Diederik cuckoo. It is found in eastern, south-eastern and southern Africa.",lesmaw1,Lesser Masked-Weaver,bird_images\lesmaw1.jpg,Passeriformes,Ploceidae,Ploceus,Least Concern
Cecropis abyssinica,The lesser striped swallow is a large swallow. It breeds in Sub-Saharan Africa from Sierra Leone and southern Sudan south into eastern South Africa. It is partially migratory with South African birds wintering further north. West African birds leave the north of the breeding range in the dry season.,lessts1,Lesser Striped Swallow,bird_images\lessts1.jpg,Passeriformes,Hirundinidae,Cecropis,Least Concern
Merops pusillus,"The little bee-eater is a bird species in the bee-eater family, Meropidae. They are found in Sub-Saharan Africa. They should not be confused with the little green bee-eater. Migration is limited to seasonal movements depending on rainfall patterns.",libeat1,Little Bee-eater,bird_images\libeat1.jpg,Coraciiformes,Meropidae,Merops,Least Concern
Egretta garzetta,"The little egret is a species of small heron in the family Ardeidae. It is a white bird with a slender black beak, long black legs and, in the western race, yellow feet. As an aquatic bird, it feeds in shallow water and on land, consuming a variety of small creatures. It breeds colonially, often with other species of water birds, making a platform nest of sticks in a tree, bush or reed bed. A clutch of three to five bluish-green eggs is laid and incubated by both parents for about three weeks. The young fledge at about six weeks of age.",litegr,Little Egret,bird_images\litegr.jpg,Pelecaniformes,Ardeidae,Egretta,Least Concern
Apus affinis,"The little swift is a small species of swift found in Africa and southwestern Asia, and are vagrants and local breeders in southern Europe. They are found both in urban areas and at rocky cliffs where they build nests in a way typical of all members of the order Apodiformes. The genus name Apus is Latin for a swift, thought by the ancients to be a type of swallow without feet. The Latin specific affinis means similar to or related to, but in this case the species that the little swift supposedly resembles is not clear from the description. A population formerly considered to be an eastern subspecies of little swift is now separated as a distinct species, the house swift.",litswi1,Little Swift,bird_images\litswi1.jpg,Apodiformes,Apodidae,Apus,Least Concern
Merops superciliosus,"The olive bee-eater or Madagascar bee-eater is a bee-eater species in the genus Merops. It is native to the southern half of Africa where it is present in Angola; Botswana; Burundi; Comoros; Democratic Republic of the Congo; Djibouti; Eritrea; Ethiopia; Kenya; Madagascar; Malawi; Mayotte; Mozambique; Namibia; Rwanda; Somalia; South Sudan; Sudan; Tanzania; Uganda; Zambia; Zimbabwe. It is a common species with a wide range so the International Union for Conservation of Nature has rated their conservation status as ""least concern"".",mabeat1,Madagascar Bee-eater,bird_images\mabeat1.jpg,Coraciiformes,Meropidae,Merops,Least Concern
Corythornis cristatus,The malachite kingfisher is a river kingfisher which is widely distributed in Africa south of the Sahara. It is largely resident except for seasonal climate-related movements.,malkin1,Malachite Kingfisher,bird_images\malkin1.jpg,Coraciiformes,Alcedininae,Corythornis,Least Concern
Laniarius luehderi,"Lühder's bushshrike is a species of bird in the family Malaconotidae. It is found in Angola, Burundi, Cameroon, Republic of the Congo, Democratic Republic of the Congo, Equatorial Guinea, Gabon, Kenya, Nigeria, Rwanda, South Sudan, Tanzania, and Uganda. The common name and Latin binomial commemorate the German naturalist ornithologist W. Lühder.",luebus1,Lühder's Bushshrike,bird_images\luebus1.jpg,Passeriformes,Malaconotidae,Laniarius,Least Concern
Lanius mackinnoni,"Mackinnon's shrike, also called Mackinnon's fiscal, is a songbird species of the family Laniidae. Its natural habitats are subtropical or tropical moist montane forests and moist savanna. It is not considered a threatened species by the IUCN.The population of this species is increasing, which is thought to be due to the degradation of nearby habitat. Its common name and Latin binomial commemorate Archibald Donald MacKinnon.",macshr1,Mackinnon's Shrike,bird_images\macshr1.jpg,Passeriformes,Laniidae,Lanius,Least Concern
Cinnyris mariquensis,"The Marico sunbird is a species of bird in the family Nectariniidae, which is native to woodlands of the eastern and southern Afrotropics.The bird is typically found in the southeast of the continent of Africa. It is of least concern on the IUCN Red List and has an unknown population size that has yet to be quantified. The Marico sunbird has conservation regions located all over its range, so it is unlikely to go extinct.",marsun2,Mariqua Sunbird,bird_images\marsun2.jpg,Passeriformes,Nectariniidae,Cinnyris,Least Concern
Anthoscopus musculus,"The mouse-coloured penduline tit or mouse-colored penduline tit is a species of bird in the family Remizidae. At 8 cm (3.1 in) in length, it is one of the two shortest birds native to Africa, alongside the tit hylia.",mcptit1,Mouse-colored Penduline-Tit,bird_images\mcptit1.jpeg,Passeriformes,Remizidae,Anthoscopus,Least Concern
Thamnolaea cinnamomeiventris,"The mocking cliff chat, mocking chat or cliff chat, is a species of chat in the family Muscicapidae which occurs in rocky habitats in much of eastern Sub-Saharan Africa. It is the only species placed in the genus Thamnolaea.",moccha1,Mocking Cliff-Chat,bird_images\moccha1.jpg,Passeriformes,Muscicapidae,Thamnolaea,Least Concern
Motacilla clara,"The mountain wagtail, also known as the long-tailed wagtail or grey-backed wagtail, is a species of wagtail of the family Motacillidae from sub-Saharan Africa.",mouwag1,Mountain Wagtail,bird_images\mouwag1.jpg,Passeriformes,Motacillidae,Motacilla,Least Concern
Cinnyris reichenowi,"The northern double-collared sunbird, is a species of bird in the family Nectariniidae. It is found in Burundi, Cameroon, Central African Republic, Democratic Republic of the Congo, Equatorial Guinea, Kenya, Nigeria, Rwanda, South Sudan, and Uganda.",ndcsun2,Northern Double-collared Sunbird,bird_images\ndcsun2.jpg,Passeriformes,Nectariniidae,Cinnyris,Least Concern
Phyllastrephus strepitans,"The northern brownbul is a species of songbird in the bulbul family, Pycnonotidae.
It is found in eastern Africa.
Its natural habitats are subtropical or tropical dry forests, dry savanna, and subtropical or tropical dry shrubland.
The northern brownbul was originally described in the genus Criniger. Alternate names include the East African scrub bulbul and northern brown bulbul.",norbro1,Northern Brownbul,bird_images\norbro1.jpg,Passeriformes,Pycnonotidae,Phyllastrephus,Least Concern
Sylvietta brachyura,"The northern crombec is a species of African warbler, formerly placed in the family Sylviidae.
It is found in Benin, Burkina Faso, Cameroon, Central African Republic, Chad, Democratic Republic of the Congo, Ivory Coast, Djibouti, Eritrea, Ethiopia, Gambia, Ghana, Guinea, Guinea-Bissau, Kenya, Mali, Mauritania, Niger, Nigeria, Senegal, Sierra Leone, Somalia, Sudan, Tanzania, Togo, and Uganda.
Its natural habitat is dry savanna.",norcro1,Northern Crombec,bird_images\norcro1.jpg,Passeriformes,Macrosphenidae,Sylvietta,Least Concern
Dryoscopus gambensis,"The northern puffback is a species of bird in the family Malaconotidae.
It is found in northern sub-Saharan Africa. It forms a superspecies with the black-backed puffback, which replaces it in eastern equatorial and southern Africa.",norpuf1,Northern Puffback,bird_images\norpuf1.jpg,Passeriformes,Malaconotidae,Dryoscopus,Least Concern
Campethera nubica,"The Nubian woodpecker is a species of bird in the family Picidae. It is distributed widely in Central and Eastern Africa, from Chad in west to Somalia in east and Tanzania in south. It is a fairly common species with a wide range, the population seems stable, and the International Union for Conservation of Nature has rated its conservation status as being of ""least concern"".",nubwoo1,Nubian Woodpecker,bird_images\nubwoo1.jpg,Piciformes,Picidae,Campethera,Least Concern
Lanius humeralis,The northern fiscal is a member of the shrike family found through most of Sub-Saharan Africa. It used to be grouped with the southern fiscal. Together they were called the common fiscal. The fiscal gets its English and Afrikaans common names from its black and white 'suit-and-tie' appearance reminiscent of the taxman (‘fiscal’).,norfis1,Northern Fiscal,bird_images\norfis1.jpg,Passeriformes,Laniidae,Lanius,Unknown
Agricola pallidus,"The pale flycatcher is a passerine bird of the Old World flycatcher family Muscicapidae, native to Sub-Saharan Africa.",palfly2,Pale Flycatcher,bird_images\palfly2.jpg,Passeriformes,Muscicapidae,Agricola,Least Concern
Corvus albus,The pied crow is a widely distributed African bird species in the crow genus of the family Corvidae.,piecro1,Pied Crow,bird_images\piecro1.jpg,Passeriformes,Corvidae,Corvus,Least Concern
Prinia somalica,"The pale prinia is a species of bird in the family Cisticolidae.
It is found in Ethiopia, Kenya, Somalia, and South Sudan.
Its natural habitats are dry savanna and subtropical or tropical dry shrubland.",palpri1,Pale Prinia,bird_images\palpri1.jpg,Passeriformes,Cisticolidae,Prinia,Least Concern
Ceryle rudis,"The pied kingfisher is a species of water kingfisher widely distributed across Africa and Asia. Originally described by Carl Linnaeus in 1758, it has five recognised subspecies, and is the only member of the genus Ceryle. Its black and white plumage and crest, as well as its habit of hovering over clear lakes and rivers before diving for fish, make it distinctive. Males have a double band across the breast, while females have a single broken breast band. They are usually found in pairs or small family groups. When perched, they often bob their head and flick up their tail.",piekin1,Pied Kingfisher,bird_images\piekin1.jpg,Coraciiformes,Cerylinae,Ceryle,Least Concern
Vidua macroura,The pin-tailed whydah is a small songbird with a conspicuous pennant-like tail in breeding males. It is a resident breeding bird in most of Africa south of the Sahara Desert.,pitwhy,Pin-tailed Whydah,bird_images\pitwhy.jpg,Passeriformes,Viduidae,Vidua,Least Concern
Batis perkeo,"The pygmy batis is a very small insectivorous bird which finds its food foraging among leaves, it is a member of the wattle-eyes family, the Platysteiridae. It occurs in the dry savannahs of north-eastern Africa.",pygbat1,Pygmy Batis,bird_images\pygbat1.jpg,Passeriformes,Platysteiridae,Batis,Least Concern
Ortygospiza atricollis,"The black-faced quailfinch, is a common subspecies of estrildid finch found in western and central of Africa. Some taxonomists consider it to be conspecific with the African quailfinch, others consider all three species to be conspecific.",quailf1,Quailfinch,bird_images\quailf1.jpg,Passeriformes,Estrildidae,Ortygospiza,Least Concern
Cisticola chiniana,"The rattling cisticola is a species of bird in the family Cisticolidae which is native to Africa south of the equator, and parts of East Africa. It is a common to abundant species in open savanna and scrubland habitats, whether in arid, moist or upland regions. Especially during summer, it is highly conspicuous due to its strident and repetitive call-notes from prominent perches.",ratcis1,Rattling Cisticola,bird_images\ratcis1.jpg,Passeriformes,Cisticolidae,Cisticola,Least Concern
Trachyphonus erythrocephalus,"The red-and-yellow barbet is a species of African barbet found in eastern Africa. Males have distinctive black, red, and yellow plumage; females and juveniles are similar, but less brightly colored. The species lives in broken terrain and nests and roosts in burrows. Omnivorous, the species feeds on seeds, fruit, and invertebrates. Where not hunted, they are tame, but their feathers are used by certain tribes, such as the Maasai.",raybar1,Red-and-yellow Barbet,bird_images\raybar1.jpg,Piciformes,Lybiidae,Trachyphonus,Least Concern
Cercotrichas leucophrys,"The white-browed scrub robin, also known as the red-backed scrub-robin, is a species of bird in the family Muscicapidae. It is native to sub-Saharan Africa, especially East and southern Africa. Within range, its Turdus-like song is one of the often-heard sounds of the bush. The flitting of the tail is characteristic of this species, but also of some near relatives.",rbsrob1,Red-backed Scrub-Robin,bird_images\rbsrob1.jpg,Passeriformes,Muscicapidae,Cercotrichas,Least Concern
Lagonosticta senegala,"The red-billed firefinch or Senegal firefinch is a small seed-eating bird in the family Estrildidae. This is a resident breeding bird in most of Sub-Saharan Africa with an estimated global extent of occurrence of 10,000,000 km2. It was introduced to Egypt, but the population there has become extinct. It was also introduced to southern Algeria where it is currently expanding northward.",rebfir2,Red-billed Firefinch,bird_images\rebfir2.jpg,Passeriformes,Estrildidae,Lagonosticta,Least Concern
Buphagus erythrorynchus,"The red-billed oxpecker is a passerine bird in the oxpecker family, Buphagidae. It is native to the eastern savannah of sub-Saharan Africa, from the Central African Republic east to South Sudan and south to northern and eastern South Africa. It is more widespread than the yellow-billed oxpecker in Southern Africa, where their ranges overlap.",reboxp1,Red-billed Oxpecker,bird_images\reboxp1.jpg,Passeriformes,Buphagidae,Buphagus,Least Concern
Tockus erythrorhynchus,"The northern red-billed hornbill is a species of hornbill in the family Bucerotidae. It is found from southern Mauritania through Somalia and northeast Tanzania. There are five species of red-billed hornbills recognized, but all five were once considered conspecific and some authorities still classify the others as subspecies of Tockus erythrorhynchus.",rebhor1,Northern Red-billed Hornbill,bird_images\rebhor1.jpg,Bucerotiformes,Bucerotidae,Tockus,Least Concern
Uraeginthus bengalus,"The red-cheeked cordon-bleu or red-cheeked cordonbleu is a small passerine bird in the family Estrildidae. This estrildid finch is a resident breeding bird in drier regions of tropical Sub-Saharan Africa. Red-cheeked cordon-bleu has an estimated global extent of occurrence of 7,700,000 km2.",reccor,Red-cheeked Cordonbleu,bird_images\reccor.jpg,Passeriformes,Estrildidae,Uraeginthus,Least Concern
Cuculus solitarius,"The red-chested cuckoo is a species of cuckoo in the family Cuculidae. It is a medium-sized bird found in Africa, south of the Sahara. In Afrikaans, it is known as ""Piet-my-vrou"", after its call.",reccuc1,Red-chested Cuckoo,bird_images\reccuc1.jpg,Cuculiformes,Cuculidae,Cuculus,Least Concern
Streptopelia semitorquata,The red-eyed dove is a dove that is widespread and common in Sub-Saharan Africa. It has been listed as Least Concern on the IUCN Red List since 2004.,reedov1,Red-eyed Dove,bird_images\reedov1.jpg,Columbiformes,Columbidae,Streptopelia,Least Concern
Pogoniulus pusillus,"The southern red-fronted tinkerbird, is a small bird in the African barbet family Lybiidae. It is found in southern Mozambique and eastern South Africa. This species was formerly regarded as conspecific with the northern red-fronted tinkerbird.",reftin1,Red-fronted Tinkerbird,bird_images\reftin1.jpg,Piciformes,Lybiidae,Pogoniulus,Least Concern
Tricholaema diademata,"The red-fronted barbet is a species of bird in the Lybiidae family.
It is found in Ethiopia, Kenya, South Sudan, Tanzania, and Uganda.",refbar2,Red-fronted Barbet,bird_images\refbar2.jpg,Piciformes,Lybiidae,Tricholaema,Least Concern
Sylvietta whytii,"The red-faced crombec is a species of African warbler, formerly placed in the family Sylviidae.
It is found in Burundi, Ethiopia, Kenya, Malawi, Mozambique, Namibia, Rwanda, South Sudan, Tanzania, Uganda, and Zimbabwe.
Its natural habitats are subtropical or tropical dry forests, subtropical or tropical moist montane forests, and subtropical or tropical dry shrubland.",refcro1,Red-faced Crombec,bird_images\refcro1.jpg,Passeriformes,Macrosphenidae,Sylvietta,Least Concern
Cecropis daurica,"The eastern red-rumped swallow is a small passerine bird in the swallow family Hirundinidae. It is found in open, often hilly, areas with clearings and cultivation across Southeast Asia to north-eastern India and Taiwan.",rerswa1,Red-rumped Swallow,bird_images\rerswa1.jpg,Passeriformes,Hirundinidae,Cecropis,Least Concern
Crithagra reichenowi,Reichenow's seedeater is a species of finch in the family Fringillidae. It is sometimes considered conspecific with the black-throated canary.,reisee2,Reichenow's Seedeater,bird_images\reisee2.jpg,Passeriformes,Carduelinae,Crithagra,Least Concern
Onychognathus morio,"The red-winged starling is a bird of the starling family Sturnidae native to eastern and southern Africa from Ethiopia to South Africa. An omnivorous, generalist species, it prefers cliffs and mountainous areas for nesting, and has moved into cities and towns due to similarity to its original habitat.",rewsta1,Red-winged Starling,bird_images\rewsta1.jpg,Passeriformes,Sturnidae,Onychognathus,Least Concern
Streptopelia capicola,"The ring-necked dove, also known as the Cape turtle dove, half-collared dove, or the Cape Lager is a widespread and often abundant dove species in East and southern Africa. It is a mostly sedentary bird, found in a variety of open habitats. Within range, its penetrating and rhythmic, three-syllabled crooning is a familiar sound at any time of the year. Its name is derived from the semi-collar of black feathers on the lower nape, a feature shared with a number of Streptopelia species. Like all doves, they depend on surface water. They congregate in large flocks at waterholes in dry regions to drink and bathe.",rindov,Ring-necked Dove,bird_images\rindov.jpg,Columbiformes,Columbidae,Streptopelia,Least Concern
Ptyonoprogne fuligula,"The large rock martin, also known as the southern crag-martin, is a small passerine bird in the swallow family that is resident in southern Africa. It was formerly considered to be conspecific with the red-throated rock martin. It breeds mainly in the mountains, but also at lower altitudes, especially in rocky areas and around towns, and, unlike most swallows, it is often found far from water. It is 12–15 cm (4.7–5.9 in) long, with mainly brown plumage, paler-toned on the upper breast and underwing coverts, and with white ""windows"" on the spread tail in flight. The sexes are similar in appearance, but juveniles have pale fringes to the upperparts and flight feathers. The former northern subspecies are smaller, paler, and whiter-throated than southern African forms, and are now usually split as a separate species, the pale crag martin. The large rock martin hunts along cliff faces for flying insects using a slow flight with much gliding. Its call is a soft twitter.",rocmar2,Rock Martin,bird_images\rocmar2.jpg,Passeriformes,Hirundinidae,Ptyonoprogne,Least Concern
Musophaga rossae,"Ross's turaco or Lady Ross's turaco is a mainly bluish-purple African bird of the turaco family, Musophagidae.",rostur1,Ross's Turaco,bird_images\rostur1.jpg,Musophagiformes,Musophagidae,Tauraco,Least Concern
Lamprotornis purpuroptera,"Rüppell's starling, also known as Rueppell's glossy-starling or Rueppell's long-tailed starling, is a species of starling in the family Sturnidae. It is found in the African countries of Burundi, Chad, the Democratic Republic of the Congo, Eritrea, Ethiopia, Kenya, Rwanda, Somalia, South Sudan, Sudan, Tanzania, and Uganda.",ruegls1,Rüppell's Starling,bird_images\ruegls1.jpg,Passeriformes,Sturnidae,Lamprotornis,Least Concern
Threskiornis aethiopicus,"The African sacred ibis is a species of ibis, a wading bird of the family Threskiornithidae. It is native to much of Africa, as well as small parts of Iraq, Iran and Kuwait. It is especially known for its role in Ancient Egyptian religion, where it was linked to the god Thoth. The species is currently extirpated from Egypt.",sacibi2,African Sacred Ibis,bird_images\sacibi2.jpg,Pelecaniformes,Threskiornithidae,Threskiornis,Least Concern
Chalcomitra senegalensis,"The scarlet-chested sunbird is a species of bird in the family Nectariniidae. It is found in many areas of Sub-Saharan Africa, and from South Sudan to South Africa.",sccsun2,Scarlet-chested Sunbird,bird_images\sccsun2.jpg,Passeriformes,Nectariniidae,Chalcomitra,Least Concern
Cossypha niveicapilla,"The snowy-crowned robin-chat is a species of bird in the family Muscicapidae. It is also known as the snowy-headed robin-chat. 
Its disjunct range extends across the northern half of Sub-Saharan Africa .
Its natural habitats are subtropical or tropical dry forest, subtropical or tropical moist lowland forest, and moist savanna.",scrcha1,Snowy-crowned Robin-Chat,bird_images\scrcha1.jpg,Passeriformes,Muscicapidae,Cossypha,Least Concern
Lamprotornis shelleyi,"Shelley's starling is a species of starling in the family Sturnidae. It is found in East Africa, within the borders of Ethiopia, Kenya, Somalia, Somaliland, South Sudan, and Tanzania.",shesta1,Shelley's Starling,bird_images\shesta1.jpg,Passeriformes,Sturnidae,Lamprotornis,Least Concern
Indicator variegatus,"The scaly-throated honeyguide is a species of bird in the family Indicatoridae. They have a mutualistic relationship with humans in which they attract beekeepers towards bees' nests and then feeding on the remains, especially larvae.",scthon1,Scaly-throated Honeyguide,bird_images\scthon1.jpg,Piciformes,Indicatoridae,Indicator,Least Concern
Bycanistes brevis,"The silvery-cheeked hornbill is a large species of hornbill found in Africa. Silvery-cheeked hornbills are residents of the tall evergreen forests of East Africa from Ethiopia to South Africa. In Zimbabwe it is threatened by habitat destruction and its presence in South Africa is marginal, but it remains locally fairly common, especially in the northern and central parts of its range.",sichor1,Silvery-cheeked Hornbill,bird_images\sichor1.jpg,Bucerotiformes,Bucerotidae,Bycanistes,Least Concern
Laniarius funebris,"The slate-colored boubou or slate-coloured boubou is a species of bird in the family Malaconotidae. It is found in Ethiopia, Kenya, Rwanda, Somalia, South Sudan, Tanzania, and Uganda. Its natural habitats are subtropical or tropical dry forests, dry savanna, subtropical or tropical dry shrubland, and subtropical or tropical moist shrubland.",slcbou1,Slate-colored Boubou,bird_images\slcbou1.jpg,Passeriformes,Malaconotidae,Laniarius,Least Concern
Cisticola cantans,"The singing cisticola is a species of bird in the family Cisticolidae.
It is found in Benin, Burkina Faso, Burundi, Cameroon, Central African Republic, Chad, Democratic Republic of the Congo, Ivory Coast, Eritrea, Ethiopia, Gambia, Ghana, Guinea, Guinea-Bissau, Kenya, Liberia, Malawi, Mali, Mozambique, Niger, Nigeria, Rwanda, Senegal, Sierra Leone, Sudan, Tanzania, Togo, Uganda, Zambia, and Zimbabwe.
Its natural habitats are subtropical or tropical dry forest and subtropical or tropical dry shrubland.",sincis1,Singing Cisticola,bird_images\sincis1.jpg,Passeriformes,Cisticolidae,Cisticola,Least Concern
Caprimulgus clarus,"The slender-tailed nightjar is a species of nightjar in the family Caprimulgidae. It is found in parts of eastern and central Africa, including the Democratic Republic of the Congo, Ethiopia, Kenya, Somalia, South Sudan, Tanzania, and Uganda.",sltnig1,Slender-tailed Nightjar,bird_images\sltnig1.jpg,Caprimulgiformes,Caprimulgidae,Caprimulgus,Least Concern
Melaenornis pammelaina,"The southern black flycatcher is a small passerine bird of the genus Melaenornis in the flycatcher family, Muscicapidae, native to open and lightly wooded areas of eastern and southern Africa.",sobfly1,Southern Black-Flycatcher,bird_images\sobfly1.jpg,Passeriformes,Muscicapidae,Melaenornis,Least Concern
Andropadus importunus,"The sombre greenbul is a member of the bulbul family of passerine birds. It is a resident breeder in coastal bush, evergreen forest and dry shrub land in eastern and southern Africa. It is the only member of the genus Andropadus.",somgre1,Sombre Greenbul,bird_images\somgre1.jpg,Passeriformes,Pycnonotidae,Andropadus,Least Concern
Melaniparus thruppi,"The acacia tit, also known as the Somali tit and northern grey tit, is a species of bird in the family Paridae. It is native to north eastern Africa where it occurs in dry acacia habitat.",somtit4,Somali Tit,bird_images\somtit4.jpg,Passeriformes,Paridae,Melaniparus,Least Concern
Crithagra hyposticta,The southern citril also known as Serinus hyposticus is a species of finch in the Fringillidae family. It is endemic to the eastern Afromontane.,soucit1,Southern Citril,bird_images\soucit1.jpg,Passeriformes,Carduelinae,Crithagra,Least Concern
Lanius collaris,The southern fiscal or fiscal shrike is a member of the shrike family found through most of southern Africa. It is also sometimes named jackie hangman or butcher bird due to its habit of impaling its prey on acacia thorns to store the food for later consumption. It was previously lumped together with the northern fiscal. Together they were known as the common fiscal.,soufis1,Southern Fiscal,bird_images\soufis1.jpg,Passeriformes,Laniidae,Lanius,Least Concern
Colius striatus,"The speckled mousebird is the largest species of mousebird, as well as one of the most common. It is found throughout most of Central, Eastern and Southern Africa.",spemou2,Speckled Mousebird,bird_images\spemou2.jpg,Coliiformes,Coliidae,Colius,Least Concern
Columba guinea,"The speckled pigeon, also known as the African rock pigeon or Guinea pigeon, is a pigeon that is a resident breeding bird in much of Africa south of the Sahara. It is a common and widespread species in open habitats over much of its range, although there are sizable gaps in its distribution.",spepig1,Speckled Pigeon,bird_images\spepig1.jpg,Columbiformes,Columbidae,Columba,Least Concern
Ploceus ocularis,"The spectacled weaver is a species of bird in the family Ploceidae. It is found widely in woodland, forest edge and gardens of central, eastern and south-eastern Africa, but is absent from the most arid regions and dense, primary rainforest. This common species breeds in solitary pairs, and both sexes are bright yellow, have an olive-yellow back, black ""spectacles"" and pale eyes. The male has a black throat.",spewea1,Spectacled Weaver,bird_images\spewea1.jpg,Passeriformes,Ploceidae,Ploceus,Least Concern
Tricholaema lacrymosa,"The spot-flanked barbet is a species of bird in the family Lybiidae.
It is found in Burundi, Democratic Republic of the Congo, Kenya, Rwanda, South Sudan, Tanzania, Uganda, and Zambia.",spfbar1,Spot-flanked Barbet,bird_images\spfbar1.jpg,Piciformes,Lybiidae,Tricholaema,Least Concern
Sporopipes frontalis,"The speckle-fronted weaver is a species of bird in the family Ploceidae.
It is found in Africa from Mauritania and Gambia in the west to Ethiopia and Tanzania in the east.
Its natural habitat is dry savanna.",spfwea1,Speckle-fronted Weaver,bird_images\spfwea1.jpg,Passeriformes,Ploceidae,Sporopipes,Least Concern
Cichladusa guttata,"The spotted palm thrush, also known as the spotted morning-thrush, is a species of bird in the Muscicapidae family. They are small birds mostly consisting of the colors brown, black, and cream. They can be found in eastern African countries such as Ethiopia, Kenya, Somalia, Sudan, Tanzania, and Uganda. Their natural habitats are subtropical or tropical dry forests, dry savanna, and subtropical or tropical moist shrubland. This bird is a forager that has a diet consisting of invertebrates. These birds create a variety of different vocal duets as a form of communication.",spmthr1,Spotted Morning-Thrush,bird_images\spmthr1.jpg,Passeriformes,Muscicapidae,Cichladusa,Least Concern
Vanellus spinosus,"The spur-winged lapwing or spur-winged plover is a lapwing species, one of a group of largish waders in the family Charadriidae.",spwlap1,Spur-winged Lapwing,bird_images\spwlap1.jpg,Charadriiformes,Charadriidae,Vanellus,Least Concern
Ardeola ralloides,"The squacco heron is a small heron, 44–47 cm long, of which the body is 20–23 cm (8–9 in), with 80–92 cm wingspan. It is of Old World origins, breeding in southern Europe and the Greater Middle East.",squher1,Squacco Heron,bird_images\squher1.jpg,Pelecaniformes,Ardeidae,Ardeola,Least Concern
Butorides striata,"The striated heron also known as mangrove heron or little green heron, is a small heron, about 44 cm tall. It is mostly sedentary and noted for some interesting behavioural traits. The breeding habitat is in South America and the Caribbean. The striated heron was formerly considered to be conspecific with the little heron that is found in the Old World tropics from west Africa to Japan and Australia.",strher,Striated Heron,bird_images\strher.jpg,Pelecaniformes,Ardeidae,Butorides,Least Concern
Crithagra striolata,The streaky seedeater is a species of finch in the family Fringillidae. It is native to the eastern Afromontane.,strsee1,Streaky Seedeater,bird_images\strsee1.jpg,Passeriformes,Carduelinae,Crithagra,Least Concern
Telophorus sulfureopectus,"The orange-breasted bushshrike or sulphur-breasted bushshrike is a species of bird in the family Malaconotidae. Another bird, Braun's bushshrike, is also sometimes called the orange-breasted bushshrike.",subbus1,Sulphur-breasted Bushshrike,bird_images\subbus1.jpg,Passeriformes,Malaconotidae,Chlorophoneus,Least Concern
Lamprotornis superbus,The superb starling is a member of the starling family of birds. It was formerly known as Spreo superbus. They are long-lived birds that can live over 15 years in captivity.,supsta1,Superb Starling,bird_images\supsta1.jpg,Passeriformes,Sturnidae,Lamprotornis,Least Concern
Nectarinia tacazze,"The Tacazze sunbird is a species of bird in the family Nectariniidae.
It is native to the eastern Afromontane forests.",tacsun1,Tacazze Sunbird,bird_images\tacsun1.jpg,Passeriformes,Nectariniidae,Nectarinia,Least Concern
Prinia subflava,"The tawny-flanked prinia is a small passerine bird belonging to the genus Prinia in the family Cisticolidae, a family of Old World warblers. It is widespread and common in most parts of Africa south of the Sahara. The plain prinia of southern Asia was formerly included in this species but is now usually considered to be a separate species.",tafpri1,Tawny-flanked Prinia,bird_images\tafpri1.jpg,Passeriformes,Cisticolidae,Prinia,Least Concern
Turtur tympanistria,"The tambourine dove is a pigeon which is a widespread resident breeding bird in woodlands and other thick vegetation in Africa south of the Sahara Desert. Its range extends from Senegal east to Ethiopia and Kenya and southwards through eastern Africa to south-eastern South Africa, but it is absent from the drier areas of south-western Africa. There is a population on the Comoros Islands.",tamdov1,Tambourine Dove,bird_images\tamdov1.jpg,Columbiformes,Columbidae,Turtur,Least Concern
Luscinia luscinia,"The thrush nightingale, also known as the sprosser, is a small passerine bird in the Old World flycatcher family. It is a migratory species breeding in forests in Europe and the Palearctic and overwintering in Africa. An insectivore, it nests near the ground in dense undergrowth. Its distribution is more northerly than the very closely related common nightingale, which it closely resembles in appearance. Hybrids between the two have occurred in areas where their ranges overlap.",thrnig1,Thrush Nightingale,bird_images\thrnig1.jpg,Passeriformes,Muscicapidae,Luscinia,Least Concern
Laniarius major,"The tropical boubou or bell shrike is a medium-sized passerine bird of sub-Saharan Africa. This very diverse ""species"" with its numerous subspecies and morphs has since long posed a taxonomic problem, and recent research suggests it is a cryptic species complex that has now been split into several species.",trobou1,Tropical Boubou,bird_images\trobou1.jpg,Passeriformes,Malaconotidae,Laniarius,Least Concern
Cinnyris venustus,"The variable sunbird or yellow-bellied sunbird, formerly Nectarinia venusta, is a sunbird. The sunbirds are a group of small Old World passerine birds which feed largely on nectar, although they will also take insects, especially when feeding young. Flight is fast and direct on their short wings. Most species can take nectar by hovering like a hummingbird, but usually perch to feed most of the time.",varsun2,Variable Sunbird,bird_images\varsun2.jpg,Passeriformes,Nectariniidae,Cinnyris,Least Concern
Ploceus cucullatus,"The village weaver , also known as the spotted-backed weaver or black-headed weaver, is a bird species in the family Ploceidae found in much of sub-Saharan Africa. It has also been introduced to Portugal and Venezuela as well as to the islands of Hispaniola, Martinique, Puerto Rico, Mauritius and Réunion.",vilwea1,Village Weaver,bird_images\vilwea1.jpg,Passeriformes,Ploceidae,Ploceus,Least Concern
Ploceus vitellinus,"The vitelline masked weaver is a species of bird in the family Ploceidae.
It is found in western, central, and eastern Africa.",vimwea1,Vitelline Masked-Weaver,bird_images\vimwea1.jpg,Passeriformes,Ploceidae,Ploceus,Least Concern
Corythaixoides leucogaster,"The white-bellied go-away-bird is a bird of eastern Africa in the family Musophagidae, commonly known as turacos.",wbgbir1,White-bellied Go-away-bird,bird_images\wbgbir1.jpg,Musophagiformes,Musophagidae,Crinifer,Least Concern
Cossypha heuglini,"The white-browed robin-chat, also known as Heuglin's robin, is a species of bird in the family Muscicapidae. Found in east, central and southern Africa, its natural habitats include riverine forest and thickets, and it is also found near humans. The IUCN classifies it as a least-concern species.",wbrcha2,White-browed Robin-Chat,bird_images\wbrcha2.jpg,Passeriformes,Muscicapidae,Cossypha,Least Concern
Plocepasser mahali,"The white-browed sparrow-weaver is a predominantly brown, sparrow-sized bird found throughout central and north-central southern Africa. It is found in groups of two to eleven individuals consisting of one breeding pair and other non-reproductive individuals.",wbswea1,White-browed Sparrow-Weaver,bird_images\wbswea1.jpg,Passeriformes,Ploceidae,Plocepasser,Least Concern
Merops bullockoides,The white-fronted bee-eater is a species of bee-eater widely distributed in sub-equatorial Africa.,wfbeat1,White-fronted Bee-eater,bird_images\wfbeat1.jpg,Coraciiformes,Meropidae,Merops,Least Concern
Crithagra dorsostriata,"The white-bellied canary is a species of finch in the family Fringillidae.
It is found in Ethiopia, Kenya, Somalia, South Sudan, Tanzania, and Uganda.
Its natural habitat is dry savanna.",whbcan1,White-bellied Canary,bird_images\whbcan1.jpg,Passeriformes,Carduelinae,Crithagra,Least Concern
Centropus superciliosus,"The white-browed coucal or lark-heeled cuckoo, is a species of cuckoo in the family Cuculidae. It is found in sub-Saharan Africa. It inhabits areas with thick cover afforded by rank undergrowth and scrub, including in suitable coastal regions. Burchell's coucal is sometimes considered a subspecies.",whbcou1,White-browed Coucal,bird_images\whbcou1.jpg,Cuculiformes,Cuculidae,Centropus,Least Concern
Melaniparus albiventris,"The white-bellied tit is a species of bird in the family Paridae.
It is found in Cameroon, Kenya, Nigeria, South Sudan, Tanzania, and Uganda.
Its natural habitats are subtropical or tropical dry forests and subtropical or tropical moist montane forests.",whbtit5,White-bellied Tit,bird_images\whbtit5.jpg,Passeriformes,Paridae,Melaniparus,Least Concern
Dinemellia dinemelli,"The white-headed buffalo weaver or white-faced buffalo-weaver is a species of passerine bird in the family Ploceidae native to East Africa. The buffalo part of its name derives from its habit of following the African buffalo, feeding on disturbed insects. Two subspecies are recognized.",whbwea1,White-headed Buffalo-Weaver,bird_images\whbwea1.jpg,Passeriformes,Ploceidae,Dinemellia,Least Concern
Zosterops flavilateralis,"The pale white-eye also known as Kenya white-eye is a bird species in the family Zosteropidae. It is found in Kenya, eastern Tanzania, southern Ethiopia and southern Somalia.",whbwhe3,Pale White-eye,bird_images\whbwhe3.jpeg,Passeriformes,Zosteropidae,Zosterops,Least Concern
Schistolais leucopogon,"The white-chinned prinia, also known as the white-chinned warbler, is a species of bird in the family Cisticolidae.",whcpri2,White-chinned Prinia,bird_images\whcpri2.jpg,Passeriformes,Cisticolidae,Schistolais,Least Concern
Melaenornis fischeri,The white-eyed slaty flycatcher is a small passerine bird of the genus Melaenornis in the Old World flycatcher family Muscicapidae. It is native to the African highlands from Ethiopia and Kenya through Rwanda to eastern Zaire and Malawi. The sub-species M. f. toruensis occurs in Rwanda and Burundi and has an inconspicuous eye-ring.,wheslf1,White-eyed Slaty-Flycatcher,bird_images\wheslf1.jpg,Passeriformes,Muscicapidae,Melaenornis,Least Concern
Psalidoprocne albiceps,"The white-headed saw-wing, also known as the white-headed rough-winged swallow is a species of bird in the family Hirundinidae. It is found in Angola, Burundi, Democratic Republic of the Congo, Ethiopia, Kenya, Malawi, Rwanda, South Sudan, Tanzania, Uganda, and Zambia.",whhsaw1,White-headed Sawwing,bird_images\whhsaw1.jpeg,Passeriformes,Hirundinidae,Psalidoprocne,Least Concern
Prionops plumatus,"The white-crested helmetshrike, also known as the white helmetshrike, is a species of passerine bird in the Vanga family Vangidae, formerly usually included in the Malaconotidae.",whihel1,White Helmetshrike,bird_images\whihel1.jpg,Passeriformes,Vangidae,Prionops,Least Concern
Eurocephalus ruppelli,"The northern white-crowned shrike or white-rumped shrike, is a shrike found in dry thornbush, semi-desert, and open acacia woodland in east Africa from south eastern South Sudan and southern Ethiopia to Tanzania. Its binomial name commemorates the German naturalist and explorer Eduard Rüppell.",whrshr1,White-rumped Shrike,bird_images\whrshr1.jpg,Passeriformes,Laniidae,Eurocephalus,Least Concern
Phylloscopus trochilus,"The willow warbler is a very common and widespread leaf warbler which breeds throughout northern and temperate Europe and the Palearctic, from Ireland east to the Anadyr River basin in eastern Siberia. It is strongly migratory, with almost all of the population wintering in sub-Saharan Africa.",wlwwar,Willow Warbler,bird_images\wlwwar.jpg,Passeriformes,Phylloscopidae,Phylloscopus,Least Concern
Halcyon senegalensis,The woodland kingfisher is a tree kingfisher that is widely distributed in Africa south of the Sahara.,wookin1,Woodland Kingfisher,bird_images\wookin1.jpg,Coraciiformes,Halcyoninae,Halcyon,Least Concern
Tringa glareola,"The wood sandpiper is a small wader belonging to the sandpiper family Scolopacidae. A Eurasian species, it is the smallest of the shanks, a genus of mid-sized, long-legged waders that largely inhabit freshwater and wetland environments, as opposed to the maritime or coastal habitats of other, similar species.",woosan,Wood Sandpiper,bird_images\woosan.jpg,Charadriiformes,Scolopacidae,Tringa,Least Concern
Merops albicollis,"The white-throated bee-eater is a species of bee-eater that breeds in semi-desert along the southern edge of the Sahara. The white-throated bee-eater is migratory, wintering in a completely different habitat in the equatorial rain forests of Africa from southern Senegal to Uganda.",wtbeat1,White-throated Bee-eater,bird_images\wtbeat1.jpg,Coraciiformes,Meropidae,Merops,Least Concern
Apalis flavida,The yellow-breasted apalis is a species of bird in the family Cisticolidae.,yebapa1,Yellow-breasted Apalis,bird_images\yebapa1.jpg,Passeriformes,Cisticolidae,Apalis,Least Concern
Anas undulata,"The yellow-billed duck is a 51–58 cm long dabbling duck which is an abundant resident breeder in southern and eastern Africa. This duck is not migratory, but wanders in the dry season to find suitable waters. It is highly gregarious outside the breeding season and forms large flocks.",yebduc1,Yellow-billed Duck,bird_images\yebduc1.jpg,Anseriformes,Anatidae,Anas,Least Concern
Trachyphonus purpuratus,The eastern yellow-billed barbet is a species of bird in the Lybiidae family. It was formerly considered to be conspecific with the western yellow-billed barbet.,yebbar1,Yellow-billed Barbet,bird_images\yebbar1.jpg,Piciformes,Lybiidae,Trachylaemus,Least Concern
Eremomela icteropygialis,"The yellow-bellied eremomela is an Old World warbler. However, the taxonomy of the ""African warblers"", an assemblage of usually species-poor and apparently rather ancient ""odd warblers"" from Africa is currently in a state of flux. Today, most taxonomists consider members in this genus members of the family Cisticolidae.",yebere1,Yellow-bellied Eremomela,bird_images\yebere1.jpg,Passeriformes,Cisticolidae,Eremomela,Least Concern
Chlorocichla flaviventris,"The yellow-bellied greenbul is a species of songbird in the bulbul family, Pycnonotidae. It is found in eastern, southern and west-central Africa. Its natural habitats are subtropical or tropical dry forests, subtropical or tropical moist lowland forests, and dry savanna.",yebgre1,Yellow-bellied Greenbul,bird_images\yebgre1.jpg,Passeriformes,Pycnonotidae,Chlorocichla,Least Concern
Serinus flavivertex,The yellow-crowned canary is a small passerine bird in the finch family. It is a resident breeder in eastern Africa. It was formerly considered conspecific with the Cape canary.,yeccan1,Yellow-crowned Canary,bird_images\yeccan1.jpg,Passeriformes,Carduelinae,Serinus,Least Concern
Crithagra mozambica,The yellow-fronted canary is a small passerine bird in the finch family. It is sometimes known in aviculture as the green singing finch or the green singer.,yefcan,Yellow-fronted Canary,bird_images\yefcan.jpg,Passeriformes,Carduelinae,Crithagra,Least Concern
Euplectes capensis,"The yellow bishop, also known as Cape bishop, Cape widow or yellow-rumped widow, is a resident breeding Afromontane bird species.",yelbis1,Yellow Bishop,bird_images\yelbis1.jpg,Passeriformes,Ploceidae,Euplectes,Least Concern
Pternistis leucoscepus,"The yellow-necked spurfowl or yellow-necked francolin is a species of bird in the family Phasianidae. It is found in Djibouti, Eritrea, Ethiopia, Kenya, Somalia, Sudan, Tanzania, and Uganda. This species is named for the yellow patch found on its neck. Males of this species have been noted to have spurs on the back of their legs.",yenspu1,Yellow-necked Francolin,bird_images\yenspu1.jpg,Galliformes,Phasianidae,Pternistis,Least Concern
Pogoniulus bilineatus,"The yellow-rumped tinkerbird is a bird species in the family Lybiidae, which is native to the moist tropical and subtropical regions of sub-Saharan Africa.",yertin1,Yellow-rumped Tinkerbird,bird_images\yertin1.jpg,Piciformes,Lybiidae,Pogoniulus,Least Concern
Buccanodon duchaillui,The yellow-spotted barbet is a bird species in the monotypic genus Buccanodon. It belongs to the African barbet family (Lybiidae) which was formerly included in the Capitonidae and sometimes in the Ramphastidae.,yesbar1,Yellow-spotted Barbet,bird_images\yesbar1.jpg,Piciformes,Lybiidae,Buccanodon,Least Concern
Gymnoris pyrgita,"The yellow-spotted bush sparrow or yellow-spotted petronia is a species of bird in the sparrow family, Passeridae.",yespet1,Yellow-spotted Bush Sparrow,bird_images\yespet1.jpg,Passeriformes,Passeridae,Gymnoris,Least Concern
Atimastillas flavicollis,"The yellow-gorgeted greenbul, formerly known as the yellow-throated leaflove, is a species of passerine bird in the bulbul family Pycnonotidae. It is found in West Africa. Its natural habitats are subtropical or tropical dry forests, moist savanna, and subtropical or tropical moist shrubland.",yetgre1,Yellow-throated Greenbul,bird_images\yetgre1.jpg,Passeriformes,Pycnonotidae,Atimastillas,Least Concern
Eurillas latirostris,The yellow-whiskered greenbul or yellow-whiskered bulbul is a species of the bulbul family of passerine birds. It is found in western and central Africa.,yewgre1,Yellow-whiskered Greenbul,bird_images\yewgre1.jpg,Passeriformes,Pycnonotidae,Eurillas,Least Concern
